#,catalog,sub category,Name,Price,date
1787,category,category,C103/80,"19,00 р.",08.01.2024
1789,category,category,C105/70,"17,50 р.",08.01.2024
1791,category,category,C109/80,"19,00 р.",08.01.2024
1793,category,category,C116/70,"18,50 р.",08.01.2024
1795,category,category,C168/90,"24,50 р.",08.01.2024
1797,category,category,C169/80,"19,00 р.",08.01.2024
1799,category,category,C170/90,"23,50 р.",08.01.2024
1801,category,category,C171/95,"21,50 р.",08.01.2024
1807,category,category,C23/70,"18,00 р.",08.01.2024
1809,category,category,C604/70,"16,50 р.",08.01.2024
1811,category,category,C606/90,"19,50 р.",08.01.2024
1813,category,category,C612/80,"20,00 р.",08.01.2024
1815,category,category,C617/100,"26,00 р.",08.01.2024
1817,category,category,C620/70,"14,50 р.",08.01.2024
1819,category,category,C637/77,"23,00 р.",08.01.2024
1821,category,category,C639/85,"21,00 р.",08.01.2024
1823,category,category,C640/68,"19,00 р.",08.01.2024
1825,category,category,C641/84,"21,50 р.",08.01.2024
1827,category,category,C643/84,"21,50 р.",08.01.2024
1829,category,category,C649/85,"22,00 р.",08.01.2024
1831,category,category,C650/85,"21,50 р.",08.01.2024
1833,category,category,C652/130,"42,00 р.",08.01.2024
1835,category,category,C653/155,"52,00 р.",08.01.2024
1837,category,category,C654/85,"22,00 р.",08.01.2024
1839,category,category,C656/135,"42,00 р.",08.01.2024
1853,category,category,С02/30,"4,00 р.",08.01.2024
1855,category,category,С03/35,"5,00 р.",08.01.2024
1857,category,category,С04/50,"7,00 р.",08.01.2024
1859,category,category,С06/30,"6,00 р.",08.01.2024
1861,category,category,С07/50,"8,00 р.",08.01.2024
1863,category,category,С08/80,"23,00 р.",08.01.2024
1865,category,category,С09/15,"3,00 р.",08.01.2024
1867,category,category,С10/20,"3,00 р.",08.01.2024
1869,category,category,С11/25,"4,00 р.",08.01.2024
1871,category,category,С12/35,"5,00 р.",08.01.2024
1873,category,category,С13/50,"8,00 р.",08.01.2024
1875,category,category,С14/70,"16,00 р.",08.01.2024
1877,category,category,С15/40,"6,00 р.",08.01.2024
1885,category,category,С25/50,"15,00 р.",08.01.2024
1887,category,category,С27/35,"6,00 р.",08.01.2024
1889,category,category,С29/50,"8,00 р.",08.01.2024
1891,category,category,С30/45,"8,00 р.",08.01.2024
1893,category,category,С35/60,"17,00 р.",08.01.2024
7960,category,category,"С901/130 плинтус потолочный инжекционный, белый","42,00 р.",08.01.2024
1803,category,category,C203/60,"18,50 р.",08.01.2024
1805,category,category,C208/75,"25,00 р.",08.01.2024
1841,category,category,C802/55,"18,00 р.",08.01.2024
1843,category,category,C806/45,"19,00 р.",08.01.2024
1845,category,category,C844/71,"18,50 р.",08.01.2024
1847,category,category,C845/85,"22,00 р.",08.01.2024
1849,category,category,C846/85,"21,50 р.",08.01.2024
1851,category,category,C855/85,"22,00 р.",08.01.2024
1879,category,category,С18/20,"3,00 р.",08.01.2024
1881,category,category,С19/40,"6,00 р.",08.01.2024
1883,category,category,С20/60,"11,00 р.",08.01.2024
